id,person,url
1,"Donald Q. Cochran",https://upload.wikimedia.org/wikipedia/commons/thumb/8/8b/Donald_Q._Cochran_official_photo.jpg/220px-Donald_Q._Cochran_official_photo.jpg
2,"Bryan Schroder",https://upload.wikimedia.org/wikipedia/commons/thumb/8/8f/Bryan_Schroder_official_portrait.jpg/220px-Bryan_Schroder_official_portrait.jpg
3,"Peter G. Strasser",https://upload.wikimedia.org/wikipedia/commons/thumb/f/fc/P.G.Strasser.jpg/220px-P.G.Strasser.jpg
4,"Michael Sherwin",https://www.justice.gov/sites/default/files/styles/width_2/public/pages/images/2020/05/21/michaelsherwin.jpg?itok=Z3JEy7EY
5,"Russell Coleman",https://upload.wikimedia.org/wikipedia/commons/thumb/c/ca/Russell_Coleman_official_photo.jpg/220px-Russell_Coleman_official_photo.jpg
6,"Jay Town",https://upload.wikimedia.org/wikipedia/commons/b/b2/Jay_Town_official_portrait.jpg
7,"Timothy A. Garrison",https://upload.wikimedia.org/wikipedia/commons/thumb/f/fa/Garrison.timothy.jpg/220px-Garrison.timothy.jpg
8,"Brandon Fremin",https://upload.wikimedia.org/wikipedia/commons/thumb/9/95/Brandon_Fremin_official_photo.jpg/220px-Brandon_Fremin_official_photo.jpg
9,"John Bash",https://upload.wikimedia.org/wikipedia/commons/5/5c/John_Bash.jpg
10,"J. Cody Hiland",https://upload.wikimedia.org/wikipedia/commons/thumb/0/03/J._Cody_Hiland_official_photo.jpg/220px-J._Cody_Hiland_official_photo.jpg
11,"J. Cody Hiland",https://upload.wikimedia.org/wikipedia/commons/thumb/0/03/J._Cody_Hiland_official_photo.jpg/220px-J._Cody_Hiland_official_photo.jpg
12,"D. Michael Dunavant",https://upload.wikimedia.org/wikipedia/commons/thumb/f/f9/D._Michael_Dunavant_official_photo.jpg/220px-D._Michael_Dunavant_official_photo.jpg
13,"Brian Kuester",https://upload.wikimedia.org/wikipedia/commons/thumb/2/25/Brian_Kuester_official_photo.jpg/220px-Brian_Kuester_official_photo.jpg
14,"Craig Carpenito",https://upload.wikimedia.org/wikipedia/commons/thumb/f/fc/Craig_Carpenito.jpg/220px-Craig_Carpenito.jpg
15,"Kenji M. Price",https://upload.wikimedia.org/wikipedia/commons/thumb/5/5c/Kenji_M_Price.jpg/220px-Kenji_M_Price.jpg
16,"Michael G. Bailey",https://upload.wikimedia.org/wikipedia/commons/thumb/b/b3/Michael_Bailey-2019.jpg/220px-Michael_Bailey-2019.jpg
17,"Duane Kees",https://upload.wikimedia.org/wikipedia/commons/thumb/e/e9/Duane_Kees_official_photo.jpg/220px-Duane_Kees_official_photo.jpg
18,"Duane Kees",https://upload.wikimedia.org/wikipedia/commons/thumb/e/e9/Duane_Kees_official_photo.jpg/220px-Duane_Kees_official_photo.jpg
19,"Joseph P. Kelly",https://upload.wikimedia.org/wikipedia/commons/4/40/Joseph_P_Kelly.jpg
20,"Jason R. Dunn",https://upload.wikimedia.org/wikipedia/commons/thumb/4/4e/USA_Jason_Dunn_CO.jpg/220px-USA_Jason_Dunn_CO.jpg
21,"Richard Donoghue",https://www.justice.gov/sites/default/files/styles/width_3/public/pages/images/2018/01/05/rdonoghue_headshot.jpg?itok=6tdGBkhl
22,"Bobby Christine",https://upload.wikimedia.org/wikipedia/commons/thumb/a/a4/Bobby_Christine.jpg/220px-Bobby_Christine.jpg
23,"Scott W. Murray",https://upload.wikimedia.org/wikipedia/commons/5/5f/Scott_murray_photo.jpg
24,"Drew Wrigley",https://upload.wikimedia.org/wikipedia/commons/5/57/Drew_Wrigley_-_official_U.S._Attorney_portrait.jpg
25,"John W. Huber",https://upload.wikimedia.org/wikipedia/commons/thumb/0/00/John_W._Huber_official_photo.jpg/220px-John_W._Huber_official_photo.jpg
26,"Clay Fowlkes",NA
27,"Clay Fowlkes",NA
28,"McGregor W. Scott",https://upload.wikimedia.org/wikipedia/commons/thumb/c/c7/McGregor_W._Scott_official_photo.jpg/220px-McGregor_W._Scott_official_photo.jpg
29,"David Freed",https://upload.wikimedia.org/wikipedia/commons/3/39/David_J._Freed_official_photo.jpg
30,"Joseph D. Brown",https://upload.wikimedia.org/wikipedia/commons/thumb/0/04/Joseph_D._Brown_official_photo.jpg/220px-Joseph_D._Brown_official_photo.jpg
31,"Ryan Patrick",https://upload.wikimedia.org/wikipedia/commons/thumb/f/f4/US_Attorney_Ryan_Patrick.jpg/220px-US_Attorney_Ryan_Patrick.jpg
32,"William Powell",https://upload.wikimedia.org/wikipedia/commons/thumb/c/c5/William_J._Powell_official_photo.jpg/220px-William_J._Powell_official_photo.jpg
33,"Brian T. Moran",https://upload.wikimedia.org/wikipedia/commons/thumb/f/fd/Brian_T._Moran_-_Official_portrait.png/220px-Brian_T._Moran_-_Official_portrait.png
34,"Robert S. Brewer Jr.",https://upload.wikimedia.org/wikipedia/commons/thumb/4/4a/RobertSBrewer.jpg/220px-RobertSBrewer.jpg
35,"R. Andrew Murray",https://upload.wikimedia.org/wikipedia/commons/thumb/2/25/R._Andrew_Murray_official_photo.jpg/220px-R._Andrew_Murray_official_photo.jpg
36,"Ariana Fajardo Orshan",https://upload.wikimedia.org/wikipedia/commons/thumb/5/5a/Ariana_Fajardo_Orshan_official_portrait.jpg/220px-Ariana_Fajardo_Orshan_official_portrait.jpg
37,"Christina E. Nolan",https://upload.wikimedia.org/wikipedia/commons/thumb/0/0d/Christina_E._Nolan_official_photo.jpg/220px-Christina_E._Nolan_official_photo.jpg
38,"Billy J. Williams",https://upload.wikimedia.org/wikipedia/commons/thumb/f/f9/Billy_J._Williams_official_photo.jpg/220px-Billy_J._Williams_official_photo.jpg
39,"Justin Herdman",https://upload.wikimedia.org/wikipedia/commons/8/81/Justin_Herdman_official_photo.jpg
40,"John C. Milhiser",https://upload.wikimedia.org/wikipedia/commons/d/d6/John_C_Milhiser.jpg
41,"Scott Blader",https://upload.wikimedia.org/wikipedia/commons/thumb/7/77/Scott_Blader_official_photo.jpg/220px-Scott_Blader_official_photo.jpg
42,"Matthew Martin",https://upload.wikimedia.org/wikipedia/commons/thumb/1/16/Matthew_Martin.jpg/220px-Matthew_Martin.jpg
43,"David C. Weiss",https://upload.wikimedia.org/wikipedia/commons/thumb/7/74/Davidweiss.jpg/220px-Davidweiss.jpg
44,"William M. McSwain",https://upload.wikimedia.org/wikipedia/commons/thumb/6/6e/William_M._McSwain.jpg/220px-William_M._McSwain.jpg
45,"Gretchen C.F. Shappert",https://assets.bwbx.io/images/users/iqjWHBFdfxIU/iC7lWpqE824M/v3/140x140.jpg
46,"Scott Brady",https://upload.wikimedia.org/wikipedia/commons/thumb/a/a1/Scott_Brady_official_photo.jpg/220px-Scott_Brady_official_photo.jpg
47,"Charles Peeler",https://upload.wikimedia.org/wikipedia/commons/thumb/5/58/Charles_E._Peeler.jpg/220px-Charles_E._Peeler.jpg
48,"B.J. Pak",https://upload.wikimedia.org/wikipedia/commons/thumb/d/d5/BJ_Pak_official_photo.jpg/220px-BJ_Pak_official_photo.jpg
49,"Nicola T. Hanna",https://upload.wikimedia.org/wikipedia/commons/thumb/e/e0/Nicola_T._Hanna_official_photo.jpg/220px-Nicola_T._Hanna_official_photo.jpg
50,"Andrew Lelling",https://upload.wikimedia.org/wikipedia/commons/thumb/0/03/Andrew_E._Lelling.jpg/220px-Andrew_E._Lelling.jpg
51,"Geoffrey Berman",https://upload.wikimedia.org/wikipedia/commons/thumb/5/5a/Geoffrey_S._Berman.jpg/220px-Geoffrey_S._Berman.jpg
52,"John C. Anderson",https://upload.wikimedia.org/wikipedia/commons/thumb/5/53/John_C._Anderson_official_photo.jpg/220px-John_C._Anderson_official_photo.jpg
53,"Jeffrey Jensen",https://upload.wikimedia.org/wikipedia/commons/4/42/Jeffrey_Jensen_official_photo.jpg
54,"Bart Davis",https://upload.wikimedia.org/wikipedia/commons/thumb/c/c0/2017.11.10_USA_Davis_Photo_Blue_Suit.jpg/220px-2017.11.10_USA_Davis_Photo_Blue_Suit.jpg
55,"David L. Anderson",https://upload.wikimedia.org/wikipedia/commons/thumb/6/65/David_L_Anderson_official.jpg/220px-David_L_Anderson_official.jpg
56,"Jessie K. Liu",https://upload.wikimedia.org/wikipedia/commons/thumb/a/ae/Jessie_K._Liu_official_photo.jpg/220px-Jessie_K._Liu_official_photo.jpg
57,"Andrew B. Birge",https://www.justice.gov/sites/default/files/styles/pixels_200/public/pages/images/2017/11/17/abirge1.jpg?itok=1tWtiXdq
58,"Ron A. Parsons Jr.",https://upload.wikimedia.org/wikipedia/commons/thumb/1/14/Ron_A._Parsons_Jr._Official_Portrait.png/220px-Ron_A._Parsons_Jr._Official_Portrait.png
59,"Aaron L. Weisman",https://upload.wikimedia.org/wikipedia/commons/thumb/4/4e/Aaron_Weisman_RI_2.jpg/220px-Aaron_Weisman_RI_2.jpg
60,"David C. Joseph",https://upload.wikimedia.org/wikipedia/commons/thumb/1/1d/David_C._Joseph_official_photo.jpg/220px-David_C._Joseph_official_photo.jpg
61,"Stephen McAllister",https://upload.wikimedia.org/wikipedia/commons/thumb/7/7c/Stephen_R._McAllister_official_photo.jpg/220px-Stephen_R._McAllister_official_photo.jpg
62,"Larry Keefe",https://upload.wikimedia.org/wikipedia/commons/thumb/f/f0/Lawrence_A._Keefe.jpg/220px-Lawrence_A._Keefe.jpg
63,"Robert K. Hur",https://upload.wikimedia.org/wikipedia/commons/thumb/b/b4/Robert_Hur_Official_Photo.jpg/220px-Robert_Hur_Official_Photo.jpg
64,"John R. Lausch Jr.",https://upload.wikimedia.org/wikipedia/commons/thumb/5/5d/Lausch_john_official.jpg/220px-Lausch_john_official.jpg
65,"Erica MacDonald",https://upload.wikimedia.org/wikipedia/commons/thumb/9/9e/Erica_H._MacDonald_portrait.jpg/220px-Erica_H._MacDonald_portrait.jpg
66,"Mark Klassen",https://upload.wikimedia.org/wikipedia/commons/thumb/b/b7/Mark_A._Klaassen.jpg/220px-Mark_A._Klaassen.jpg
67,"Louis V. Franklin Sr.",https://upload.wikimedia.org/wikipedia/commons/6/6b/Louis_V._Franklin_official_photo.jpg
68,"William D. Hyslop",https://upload.wikimedia.org/wikipedia/commons/thumb/c/c5/Hyslop-Official-Photo.jpg/220px-Hyslop-Official-Photo.jpg
69,"Peter M. McCoy Jr.",https://pbs.twimg.com/profile_images/1077402119605547008/I6S7lWdM_400x400.jpg
70,"Erin Nealy Cox",https://upload.wikimedia.org/wikipedia/commons/3/33/Erin_Nealy_Cox_official_photo.jpg
71,"Matthew J. Schneider",https://upload.wikimedia.org/wikipedia/commons/thumb/8/81/Matthew_schneider.jpg/220px-Matthew_schneider.jpg
72,"Nicholas A. Trutanich",https://upload.wikimedia.org/wikipedia/commons/thumb/7/73/Trutanich_Nicholas.jpg/220px-Trutanich_Nicholas.jpg
73,"Sherri Lydon",https://upload.wikimedia.org/wikipedia/commons/thumb/1/16/Sherri_A._Lydon_official_photo.jpg/220px-Sherri_A._Lydon_official_photo.jpg
74,"Timothy J. Downing",https://upload.wikimedia.org/wikipedia/commons/thumb/4/4c/Timothy_Downing.jpg/220px-Timothy_Downing.jpg
75,"R. Trent Shores",https://upload.wikimedia.org/wikipedia/commons/thumb/b/b1/R._Trent_Shores_official_photo.jpg/220px-R._Trent_Shores_official_photo.jpg
76,"Richard W. Moore",https://upload.wikimedia.org/wikipedia/commons/3/35/Richard_W._Moore_official_portrait.jpg
77,"Grant C. Jaquith",https://upload.wikimedia.org/wikipedia/commons/thumb/e/e3/GCJaquith.jpg/220px-GCJaquith.jpg
78,"Michael B. Stuart",https://upload.wikimedia.org/wikipedia/commons/thumb/9/95/Michael_B._Stuart.jpg/220px-Michael_B._Stuart.jpg
79,"Doug Overbey",https://upload.wikimedia.org/wikipedia/commons/4/4e/J._Douglas_Overbey_official_photo.jpg
80,"Matthew Krueger",https://upload.wikimedia.org/wikipedia/commons/thumb/b/bd/Matt_Krueger_official_photo.jpg/220px-Matt_Krueger_official_photo.jpg
81,"D. Michael Hurst Jr.",https://upload.wikimedia.org/wikipedia/commons/thumb/1/1d/D._Michael_Hurst_Jr._official_photo.jpg/220px-D._Michael_Hurst_Jr._official_photo.jpg
82,"Halsey Frank",https://upload.wikimedia.org/wikipedia/commons/thumb/f/f7/Halsey_Frank_official_photo.png/220px-Halsey_Frank_official_photo.png
83,"John Durham",https://upload.wikimedia.org/wikipedia/commons/thumb/2/2f/John_H._Durham.jpg/220px-John_H._Durham.jpg
84,"Shawn N. Anderson",https://www.justice.gov/sites/default/files/styles/width_3/public/pages/images/2017/05/26/fullsizerender.jpg?itok=E83BDUx5
85,"Kurt Alme",https://upload.wikimedia.org/wikipedia/commons/thumb/5/5e/Kurt_G._Alme_official_photo.jpg/220px-Kurt_G._Alme_official_photo.jpg
86,"W. Stephen Muldrow",https://upload.wikimedia.org/wikipedia/commons/thumb/4/4a/William_Stephen_Muldrow_official_portrait.jpg/220px-William_Stephen_Muldrow_official_portrait.jpg
87,"Robert M. Duncan Jr.",https://upload.wikimedia.org/wikipedia/commons/thumb/a/a8/Robert_M._Duncan_Jr.jpg/220px-Robert_M._Duncan_Jr.jpg
88,"Peter Deegan",https://upload.wikimedia.org/wikipedia/commons/thumb/0/0d/Peter_E._Deegan_Jr_official_photo.jpg/220px-Peter_E._Deegan_Jr_official_photo.jpg
89,"Robert Higdon Jr.",https://upload.wikimedia.org/wikipedia/commons/thumb/5/55/Robert_Higdon_Jr._official_photo.jpg/220px-Robert_Higdon_Jr._official_photo.jpg
90,"G. Zachary Terwilliger",https://upload.wikimedia.org/wikipedia/commons/thumb/1/12/G._Zachary_Terwilliger_official_photo.jpg/220px-G._Zachary_Terwilliger_official_photo.jpg
91,"Maria Chapa Lopez",https://upload.wikimedia.org/wikipedia/commons/thumb/8/85/Maria_Chapa_Lopez_official_photo.jpg/220px-Maria_Chapa_Lopez_official_photo.jpg
92,"Marc Krickbaum",https://upload.wikimedia.org/wikipedia/commons/c/c2/Marc_Krickbaum_official_photo.jpg
93,"Thomas Kirsch",https://upload.wikimedia.org/wikipedia/commons/thumb/f/f9/Thomas_L._Kirsch_II.jpg/220px-Thomas_L._Kirsch_II.jpg
94,"William C. Lamar",https://upload.wikimedia.org/wikipedia/commons/thumb/0/02/William_C._Lamar.jpg/220px-William_C._Lamar.jpg
95,"Steven D. Weinhoeft",https://www.justice.gov/sites/default/files/styles/width_5/public/pages/images/2018/08/23/dsc_0033_0.jpg?itok=vTf_F5A_
96,"Joshua Minkler",https://upload.wikimedia.org/wikipedia/commons/d/db/Josh_Minkler_Official_Photo.jpg
97,"David M. DeVillers",https://upload.wikimedia.org/wikipedia/commons/thumb/d/df/US_Attorney_DeVillers.jpg/220px-US_Attorney_DeVillers.jpg
98,"James. P Kennedy",https://www.justice.gov/sites/default/files/styles/width_3/public/pages/images/2018/04/16/jp_usa.jpg?itok=6Ay9lyDB
99,"Thomas T. Cullen",https://upload.wikimedia.org/wikipedia/commons/thumb/f/f7/Thomas_T._Cullen_official_photo.jpg/220px-Thomas_T._Cullen_official_photo.jpg
100,"Makan Delrahim",https://upload.wikimedia.org/wikipedia/commons/thumb/1/16/Makan_Delrahim_official_photo.jpg/220px-Makan_Delrahim_official_photo.jpg
101,"Jefferson B. Sessions",https://upload.wikimedia.org/wikipedia/commons/thumb/e/e8/Jeff_Sessions%2C_official_portrait.jpg/220px-Jeff_Sessions%2C_official_portrait.jpg
102,"Noel Francisco",https://upload.wikimedia.org/wikipedia/commons/thumb/4/47/Noel_Francisco_official_photo.jpg/220px-Noel_Francisco_official_photo.jpg
103,"Jeffrey Bossert Clark",https://upload.wikimedia.org/wikipedia/commons/thumb/0/0b/Jeffrey_Bossert_Clark_official_photo.jpg/220px-Jeffrey_Bossert_Clark_official_photo.jpg
104,"Beth Ann Williams",https://upload.wikimedia.org/wikipedia/commons/thumb/3/34/Beth_Ann_Williams_official_photo.jpg/220px-Beth_Ann_Williams_official_photo.jpg
105,"Rod J. Rosenstein",https://upload.wikimedia.org/wikipedia/commons/thumb/e/e8/Rod_Rosenstein_official_portrait_2.jpg/220px-Rod_Rosenstein_official_portrait_2.jpg
106,"Brian Allen Benczkowski",https://upload.wikimedia.org/wikipedia/commons/thumb/e/e3/Brian_Benczkowski_official_photo.jpg/220px-Brian_Benczkowski_official_photo.jpg
107,"Rachel L. Brand",https://upload.wikimedia.org/wikipedia/commons/thumb/9/9f/Rachel_Brand_official_photo.jpg/220px-Rachel_Brand_official_photo.jpg
108,"Eric S. Dreiband",https://upload.wikimedia.org/wikipedia/commons/thumb/6/69/Eric_S._Dreiband_official_photo.jpg/220px-Eric_S._Dreiband_official_photo.jpg
109,"John C. Demers",https://upload.wikimedia.org/wikipedia/commons/thumb/e/e0/John_Demers_official_photo.png/220px-John_Demers_official_photo.png
110,"Steven A. Engel",https://upload.wikimedia.org/wikipedia/commons/thumb/4/46/Steven_Engel_official_photo.jpg/220px-Steven_Engel_official_photo.jpg
111,"Joseph H. Hunt",https://upload.wikimedia.org/wikipedia/commons/thumb/0/08/Jody_Hunt_official_photo.jpg/220px-Jody_Hunt_official_photo.jpg
112,"William P. Barr",https://upload.wikimedia.org/wikipedia/commons/thumb/4/45/William_Barr.jpg/220px-William_Barr.jpg
113,"Jeffrey A. Rosen",https://upload.wikimedia.org/wikipedia/commons/thumb/0/03/Jeff_Rosen_official_DOJ_portrait.jpg/220px-Jeff_Rosen_official_DOJ_portrait.jpg
114,"Stephen Boyd",https://upload.wikimedia.org/wikipedia/commons/thumb/8/82/Stephen_E._Boyd_official_photo_2.jpg/220px-Stephen_E._Boyd_official_photo_2.jpg
